<?xml version="1.0" encoding="UTF-8"?><record_update>
    <sys_choice action="INSERT_OR_UPDATE" field="u_what_needed" table="x_58872_needit_needit" version="3">
        <sys_choice_set action="INSERT_OR_UPDATE">
            <element>u_what_needed</element>
            <name>x_58872_needit_needit</name>
            <sys_class_name>sys_choice_set</sys_class_name>
            <sys_created_by>admin</sys_created_by>
            <sys_created_on>2020-12-01 16:46:16</sys_created_on>
            <sys_id>2eb494c6db742010d2f6f9341d961975</sys_id>
            <sys_mod_count>0</sys_mod_count>
            <sys_name>u_what_needed</sys_name>
            <sys_package display_value="NeedIt" source="x_58872_needit">6ead8e780f603200cd674f8ce1050ed1</sys_package>
            <sys_policy/>
            <sys_scope display_value="NeedIt">6ead8e780f603200cd674f8ce1050ed1</sys_scope>
            <sys_update_name>sys_choice_x_58872_needit_needit_u_what_needed</sys_update_name>
            <sys_updated_by>admin</sys_updated_by>
            <sys_updated_on>2020-12-01 16:46:16</sys_updated_on>
        </sys_choice_set>
        <sys_choice action="INSERT_OR_UPDATE">
            <dependent_value/>
            <element>u_what_needed</element>
            <hint/>
            <inactive>false</inactive>
            <label>Legal 1</label>
            <language>en</language>
            <name>x_58872_needit_needit</name>
            <sequence>0</sequence>
            <synonyms/>
            <sys_created_by>admin</sys_created_by>
            <sys_created_on>2020-12-01 16:46:16</sys_created_on>
            <sys_domain>global</sys_domain>
            <sys_domain_path>/</sys_domain_path>
            <sys_id>e2b494c6db742010d2f6f9341d961975</sys_id>
            <sys_mod_count>0</sys_mod_count>
            <sys_updated_by>admin</sys_updated_by>
            <sys_updated_on>2020-12-01 16:46:16</sys_updated_on>
            <value>legal1</value>
        </sys_choice>
        <sys_choice action="INSERT_OR_UPDATE">
            <dependent_value/>
            <element>u_what_needed</element>
            <hint/>
            <inactive>false</inactive>
            <label>Legal 2</label>
            <language>en</language>
            <name>x_58872_needit_needit</name>
            <sequence>1</sequence>
            <synonyms/>
            <sys_created_by>admin</sys_created_by>
            <sys_created_on>2020-12-01 16:46:16</sys_created_on>
            <sys_domain>global</sys_domain>
            <sys_domain_path>/</sys_domain_path>
            <sys_id>aeb494c6db742010d2f6f9341d961977</sys_id>
            <sys_mod_count>0</sys_mod_count>
            <sys_updated_by>admin</sys_updated_by>
            <sys_updated_on>2020-12-01 16:46:16</sys_updated_on>
            <value>legal2</value>
        </sys_choice>
        <sys_choice action="INSERT_OR_UPDATE">
            <dependent_value/>
            <element>u_what_needed</element>
            <hint/>
            <inactive>false</inactive>
            <label>Facilities 1</label>
            <language>en</language>
            <name>x_58872_needit_needit</name>
            <sequence>2</sequence>
            <synonyms/>
            <sys_created_by>admin</sys_created_by>
            <sys_created_on>2020-12-01 16:46:16</sys_created_on>
            <sys_domain>global</sys_domain>
            <sys_domain_path>/</sys_domain_path>
            <sys_id>6eb494c6db742010d2f6f9341d961979</sys_id>
            <sys_mod_count>0</sys_mod_count>
            <sys_updated_by>admin</sys_updated_by>
            <sys_updated_on>2020-12-01 16:46:16</sys_updated_on>
            <value>facilities1</value>
        </sys_choice>
        <sys_choice action="INSERT_OR_UPDATE">
            <dependent_value/>
            <element>u_what_needed</element>
            <hint/>
            <inactive>false</inactive>
            <label>Facilities 2</label>
            <language>en</language>
            <name>x_58872_needit_needit</name>
            <sequence>3</sequence>
            <synonyms/>
            <sys_created_by>admin</sys_created_by>
            <sys_created_on>2020-12-01 16:46:16</sys_created_on>
            <sys_domain>global</sys_domain>
            <sys_domain_path>/</sys_domain_path>
            <sys_id>2eb494c6db742010d2f6f9341d96197b</sys_id>
            <sys_mod_count>0</sys_mod_count>
            <sys_updated_by>admin</sys_updated_by>
            <sys_updated_on>2020-12-01 16:46:16</sys_updated_on>
            <value>facilities2</value>
        </sys_choice>
        <sys_choice action="INSERT_OR_UPDATE">
            <dependent_value/>
            <element>u_what_needed</element>
            <hint/>
            <inactive>false</inactive>
            <label>Human Resources 1</label>
            <language>en</language>
            <name>x_58872_needit_needit</name>
            <sequence>4</sequence>
            <synonyms/>
            <sys_created_by>admin</sys_created_by>
            <sys_created_on>2020-12-01 16:46:16</sys_created_on>
            <sys_domain>global</sys_domain>
            <sys_domain_path>/</sys_domain_path>
            <sys_id>eab494c6db742010d2f6f9341d96197d</sys_id>
            <sys_mod_count>0</sys_mod_count>
            <sys_updated_by>admin</sys_updated_by>
            <sys_updated_on>2020-12-01 16:46:16</sys_updated_on>
            <value>hr1</value>
        </sys_choice>
        <sys_choice action="INSERT_OR_UPDATE">
            <dependent_value/>
            <element>u_what_needed</element>
            <hint/>
            <inactive>false</inactive>
            <label>Human Resources 2</label>
            <language>en</language>
            <name>x_58872_needit_needit</name>
            <sequence>5</sequence>
            <synonyms/>
            <sys_created_by>admin</sys_created_by>
            <sys_created_on>2020-12-01 16:46:16</sys_created_on>
            <sys_domain>global</sys_domain>
            <sys_domain_path>/</sys_domain_path>
            <sys_id>aab494c6db742010d2f6f9341d96197f</sys_id>
            <sys_mod_count>0</sys_mod_count>
            <sys_updated_by>admin</sys_updated_by>
            <sys_updated_on>2020-12-01 16:46:16</sys_updated_on>
            <value>hr2</value>
        </sys_choice>
        <sys_choice action="INSERT_OR_UPDATE">
            <dependent_value/>
            <element>u_what_needed</element>
            <hint/>
            <inactive>false</inactive>
            <label>Other</label>
            <language>en</language>
            <name>x_58872_needit_needit</name>
            <sequence>6</sequence>
            <synonyms/>
            <sys_created_by>admin</sys_created_by>
            <sys_created_on>2020-12-01 16:46:16</sys_created_on>
            <sys_domain>global</sys_domain>
            <sys_domain_path>/</sys_domain_path>
            <sys_id>6ab494c6db742010d2f6f9341d961981</sys_id>
            <sys_mod_count>0</sys_mod_count>
            <sys_updated_by>admin</sys_updated_by>
            <sys_updated_on>2020-12-01 16:46:16</sys_updated_on>
            <value>other</value>
        </sys_choice>
    </sys_choice>
</record_update>
