<?xml version="1.0" encoding="UTF-8"?><record_update sys_domain="global" table="pa_breakdown_mappings">
    <pa_breakdown_mappings action="INSERT_OR_UPDATE">
        <breakdown display_value="Requested for">f671bab497ba2110a8ebb9dfe153af49</breakdown>
        <facts_table>x_58872_needit_needit</facts_table>
        <field>u_requested_for</field>
        <script/>
        <scripted>false</scripted>
        <sys_class_name>pa_breakdown_mappings</sys_class_name>
        <sys_created_by>admin</sys_created_by>
        <sys_created_on>2023-05-12 01:48:55</sys_created_on>
        <sys_domain>global</sys_domain>
        <sys_domain_path>/</sys_domain_path>
        <sys_id>7a713af497ba2110a8ebb9dfe153af3d</sys_id>
        <sys_mod_count>0</sys_mod_count>
        <sys_name>f671bab497ba2110a8ebb9dfe153af49</sys_name>
        <sys_overrides/>
        <sys_package display_value="NeedIt" source="x_58872_needit">6ead8e780f603200cd674f8ce1050ed1</sys_package>
        <sys_policy/>
        <sys_scope display_value="NeedIt">6ead8e780f603200cd674f8ce1050ed1</sys_scope>
        <sys_update_name>pa_breakdown_mappings_7a713af497ba2110a8ebb9dfe153af3d</sys_update_name>
        <sys_updated_by>admin</sys_updated_by>
        <sys_updated_on>2023-05-12 01:48:55</sys_updated_on>
    </pa_breakdown_mappings>
</record_update>
