<?xml version="1.0" encoding="UTF-8"?><record_update sys_domain="global" table="pa_breakdowns">
    <pa_breakdowns action="INSERT_OR_UPDATE">
        <data_source/>
        <default_filter/>
        <description/>
        <dimension display_value="NeedIt Request type">e74f66f097ba2110a8ebb9dfe153affc</dimension>
        <display>true</display>
        <facts_table/>
        <field/>
        <groups/>
        <name>NeedIt Request type</name>
        <role_override>true</role_override>
        <roles/>
        <script/>
        <scripted>false</scripted>
        <sql_statement/>
        <sys_class_name>pa_breakdowns</sys_class_name>
        <sys_created_by>admin</sys_created_by>
        <sys_created_on>2023-05-12 01:39:24</sys_created_on>
        <sys_domain>global</sys_domain>
        <sys_domain_path>/</sys_domain_path>
        <sys_id>e34f66f097ba2110a8ebb9dfe153afff</sys_id>
        <sys_mod_count>0</sys_mod_count>
        <sys_name>NeedIt Request type</sys_name>
        <sys_overrides/>
        <sys_package display_value="NeedIt" source="x_58872_needit">6ead8e780f603200cd674f8ce1050ed1</sys_package>
        <sys_policy/>
        <sys_scope display_value="NeedIt">6ead8e780f603200cd674f8ce1050ed1</sys_scope>
        <sys_update_name>pa_breakdowns_e34f66f097ba2110a8ebb9dfe153afff</sys_update_name>
        <sys_updated_by>admin</sys_updated_by>
        <sys_updated_on>2023-05-12 01:39:24</sys_updated_on>
        <type>1</type>
        <users/>
        <visible_to>2</visible_to>
    </pa_breakdowns>
    <sys_translated_text action="delete_multiple" query="documentkey=e34f66f097ba2110a8ebb9dfe153afff"/>
</record_update>
