<?xml version="1.0" encoding="UTF-8"?><record_update sys_domain="global" table="pa_cubes">
    <pa_cubes action="INSERT_OR_UPDATE">
        <benchmarking>false</benchmarking>
        <calendar>standard</calendar>
        <calendar_freq/>
        <conditions table="x_58872_needit_needit">active=true<item endquery="false" field="active" goto="false" newquery="false" operator="=" or="false" value="true"/>
        </conditions>
        <description>Active NeedIt requests this week</description>
        <facts_table>x_58872_needit_needit</facts_table>
        <facts_table_pk/>
        <facts_table_pktable/>
        <facts_table_pkview/>
        <frequency>20</frequency>
        <max_record_fetch_count>50000</max_record_fetch_count>
        <name>NeedIt.ActiveWeekly</name>
        <override_record_collection>false</override_record_collection>
        <report_source display_value="Active NeedIt Requests (NeedIt)">4a2d22f097ba2110a8ebb9dfe153af7f</report_source>
        <report_source_updated_at>2023-05-12 08:31:18</report_source_updated_at>
        <sys_class_name>pa_cubes</sys_class_name>
        <sys_created_by>admin</sys_created_by>
        <sys_created_on>2023-05-12 01:31:34</sys_created_on>
        <sys_domain>global</sys_domain>
        <sys_domain_path>/</sys_domain_path>
        <sys_id>fecbea7097ba2110a8ebb9dfe153af8f</sys_id>
        <sys_mod_count>0</sys_mod_count>
        <sys_name>NeedIt.ActiveWeekly</sys_name>
        <sys_overrides/>
        <sys_package display_value="NeedIt" source="x_58872_needit">6ead8e780f603200cd674f8ce1050ed1</sys_package>
        <sys_policy/>
        <sys_scope display_value="NeedIt">6ead8e780f603200cd674f8ce1050ed1</sys_scope>
        <sys_update_name>pa_cubes_fecbea7097ba2110a8ebb9dfe153af8f</sys_update_name>
        <sys_updated_by>admin</sys_updated_by>
        <sys_updated_on>2023-05-12 01:31:34</sys_updated_on>
    </pa_cubes>
    <sys_translated_text action="delete_multiple" query="documentkey=fecbea7097ba2110a8ebb9dfe153af8f"/>
</record_update>
