<?xml version="1.0" encoding="UTF-8"?><record_update sys_domain="global" table="pa_dimensions">
    <pa_dimensions action="INSERT_OR_UPDATE">
        <active>true</active>
        <conditions/>
        <description/>
        <empty_value/>
        <facts_table>sys_user</facts_table>
        <field>sys_id</field>
        <manual_breakdown/>
        <name>NeedIt Requested for</name>
        <security_type>1</security_type>
        <sys_class_name>pa_dimensions</sys_class_name>
        <sys_created_by>admin</sys_created_by>
        <sys_created_on>2023-05-12 01:48:55</sys_created_on>
        <sys_domain>global</sys_domain>
        <sys_domain_path>/</sys_domain_path>
        <sys_id>3271bab497ba2110a8ebb9dfe153af47</sys_id>
        <sys_mod_count>0</sys_mod_count>
        <sys_name>NeedIt Requested for</sys_name>
        <sys_overrides/>
        <sys_package display_value="NeedIt" source="x_58872_needit">6ead8e780f603200cd674f8ce1050ed1</sys_package>
        <sys_policy/>
        <sys_scope display_value="NeedIt">6ead8e780f603200cd674f8ce1050ed1</sys_scope>
        <sys_update_name>pa_dimensions_3271bab497ba2110a8ebb9dfe153af47</sys_update_name>
        <sys_updated_by>admin</sys_updated_by>
        <sys_updated_on>2023-05-12 01:48:55</sys_updated_on>
    </pa_dimensions>
    <sys_translated_text action="delete_multiple" query="documentkey=3271bab497ba2110a8ebb9dfe153af47"/>
</record_update>
