<?xml version="1.0" encoding="UTF-8"?><record_update sys_domain="global" table="pa_indicator_breakdowns">
    <pa_indicator_breakdowns action="INSERT_OR_UPDATE">
        <breakdown display_value="NeedIt Request type">e34f66f097ba2110a8ebb9dfe153afff</breakdown>
        <display>true</display>
        <indicator display_value="NeedIt: Due Monthly">0f9d2af097ba2110a8ebb9dfe153afc2</indicator>
        <order/>
        <sql_statement/>
        <sys_class_name>pa_indicator_breakdowns</sys_class_name>
        <sys_created_by>admin</sys_created_by>
        <sys_created_on>2023-05-12 01:39:25</sys_created_on>
        <sys_domain>global</sys_domain>
        <sys_domain_path>/</sys_domain_path>
        <sys_id>a34fa27497ba2110a8ebb9dfe153afd1</sys_id>
        <sys_mod_count>0</sys_mod_count>
        <sys_name>NeedIt Request type.NeedIt: Due Monthly</sys_name>
        <sys_overrides/>
        <sys_package display_value="NeedIt" source="x_58872_needit">6ead8e780f603200cd674f8ce1050ed1</sys_package>
        <sys_policy/>
        <sys_scope display_value="NeedIt">6ead8e780f603200cd674f8ce1050ed1</sys_scope>
        <sys_update_name>pa_indicator_breakdowns_a34fa27497ba2110a8ebb9dfe153afd1</sys_update_name>
        <sys_updated_by>admin</sys_updated_by>
        <sys_updated_on>2023-05-12 01:39:25</sys_updated_on>
    </pa_indicator_breakdowns>
</record_update>
