<?xml version="1.0" encoding="UTF-8"?><record_update sys_domain="global" table="pa_indicators">
    <pa_indicators action="INSERT_OR_UPDATE">
        <aggregate>1</aggregate>
        <allow_multi_element_aggregation>false</allow_multi_element_aggregation>
        <benchmarking>false</benchmarking>
        <calendar>standard</calendar>
        <calendar_freq/>
        <collect_breakdown_matrix>false</collect_breakdown_matrix>
        <collect_records>true</collect_records>
        <conditions/>
        <contributor/>
        <cube display_value=" NeedIt.ThisMonth">c47b227097ba2110a8ebb9dfe153af61</cube>
        <data_source/>
        <default_aggregate/>
        <default_chart_type>line</default_chart_type>
        <description>NeedIt: NeedIt requests due monthly measured as a count (#). It is the sum of the indicator source: NeedIt.ThisMonth.</description>
        <direction>1</direction>
        <display>false</display>
        <excluded_statistics/>
        <field/>
        <forecast_base_periods>2</forecast_base_periods>
        <forecast_base_start>00000000</forecast_base_start>
        <forecast_base_type>1</forecast_base_type>
        <forecast_lower_limit/>
        <forecast_method>1</forecast_method>
        <forecast_periods>2</forecast_periods>
        <forecast_preselect_observations>false</forecast_preselect_observations>
        <forecast_robust_estimation>false</forecast_robust_estimation>
        <forecast_upper_limit/>
        <formula/>
        <formula_aggregate_whole>false</formula_aggregate_whole>
        <formula_allow_null>false</formula_allow_null>
        <frequency>40</frequency>
        <groups/>
        <has_managed_indicators>false</has_managed_indicators>
        <key>false</key>
        <label/>
        <linked_indicator/>
        <live_group_profile/>
        <managed_breakdown/>
        <managed_element/>
        <managing_indicator/>
        <name>NeedIt: Due Monthly</name>
        <order/>
        <override_periods>false</override_periods>
        <precision>0</precision>
        <related_breakdowns>2</related_breakdowns>
        <related_jobs>3</related_jobs>
        <render_continuous_lines>false</render_continuous_lines>
        <role_override>false</role_override>
        <roles/>
        <score_periods>-1</score_periods>
        <scores_format>kMGTPE</scores_format>
        <scores_modified_at>2023-05-12 02:08:28</scores_modified_at>
        <script/>
        <scripted>false</scripted>
        <show_delta>true</show_delta>
        <show_realtime_score>false</show_realtime_score>
        <snapshot_periods>-1</snapshot_periods>
        <sql_statement/>
        <sys_class_name>pa_indicators</sys_class_name>
        <sys_created_by>admin</sys_created_by>
        <sys_created_on>2023-05-12 01:32:40</sys_created_on>
        <sys_domain>global</sys_domain>
        <sys_domain_path>/</sys_domain_path>
        <sys_id>0f9d2af097ba2110a8ebb9dfe153afc2</sys_id>
        <sys_mod_count>5</sys_mod_count>
        <sys_name>NeedIt: Due Monthly</sys_name>
        <sys_overrides/>
        <sys_package display_value="NeedIt" source="x_58872_needit">6ead8e780f603200cd674f8ce1050ed1</sys_package>
        <sys_policy/>
        <sys_scope display_value="NeedIt">6ead8e780f603200cd674f8ce1050ed1</sys_scope>
        <sys_update_name>pa_indicators_0f9d2af097ba2110a8ebb9dfe153afc2</sys_update_name>
        <sys_updated_by>admin</sys_updated_by>
        <sys_updated_on>2023-05-12 01:53:32</sys_updated_on>
        <type>1</type>
        <unit display_value="#">17b365e2d7320100ba986f14ce6103ad</unit>
        <users/>
        <value_when_nil>0</value_when_nil>
        <visible_to>2</visible_to>
    </pa_indicators>
    <sys_translated_text action="delete_multiple" query="documentkey=0f9d2af097ba2110a8ebb9dfe153afc2"/>
</record_update>
