<?xml version="1.0" encoding="UTF-8"?><record_update sys_domain="global" table="pa_job_indicators">
    <pa_job_indicators action="INSERT_OR_UPDATE">
        <active>true</active>
        <collect>2</collect>
        <collect_indicator>true</collect_indicator>
        <display>temporary job for collecting NeedIt Request type - NeedIt: Active Weekly</display>
        <indicator display_value="NeedIt: Active Weekly">d9edaaf097ba2110a8ebb9dfe153afca</indicator>
        <job display_value="temporary job for collecting NeedIt Request type">7f4feaf097ba2110a8ebb9dfe153af71</job>
        <sys_class_name>pa_job_indicators</sys_class_name>
        <sys_created_by>admin</sys_created_by>
        <sys_created_on>2023-05-12 01:39:25</sys_created_on>
        <sys_domain>global</sys_domain>
        <sys_domain_path>/</sys_domain_path>
        <sys_id>734fa27497ba2110a8ebb9dfe153aff1</sys_id>
        <sys_mod_count>0</sys_mod_count>
        <sys_name>NeedIt: Active Weekly.temporary job for collecting NeedIt Request type</sys_name>
        <sys_overrides/>
        <sys_package display_value="NeedIt" source="x_58872_needit">6ead8e780f603200cd674f8ce1050ed1</sys_package>
        <sys_policy/>
        <sys_scope display_value="NeedIt">6ead8e780f603200cd674f8ce1050ed1</sys_scope>
        <sys_update_name>pa_job_indicators_734fa27497ba2110a8ebb9dfe153aff1</sys_update_name>
        <sys_updated_by>admin</sys_updated_by>
        <sys_updated_on>2023-05-12 01:39:25</sys_updated_on>
    </pa_job_indicators>
</record_update>
