<?xml version="1.0" encoding="UTF-8"?><record_update sys_domain="global" table="pa_job_indicators">
    <pa_job_indicators action="INSERT_OR_UPDATE">
        <active>true</active>
        <collect>2</collect>
        <collect_indicator>true</collect_indicator>
        <display>temporary job for collecting Requested for - NeedIt: Due Monthly</display>
        <indicator display_value="NeedIt: Due Monthly">0f9d2af097ba2110a8ebb9dfe153afc2</indicator>
        <job display_value="temporary job for collecting Requested for">4b717ab497ba2110a8ebb9dfe153afab</job>
        <sys_class_name>pa_job_indicators</sys_class_name>
        <sys_created_by>admin</sys_created_by>
        <sys_created_on>2023-05-12 01:48:56</sys_created_on>
        <sys_domain>global</sys_domain>
        <sys_domain_path>/</sys_domain_path>
        <sys_id>c3717ab497ba2110a8ebb9dfe153afac</sys_id>
        <sys_mod_count>0</sys_mod_count>
        <sys_name>NeedIt: Due Monthly.temporary job for collecting Requested for</sys_name>
        <sys_overrides/>
        <sys_package display_value="NeedIt" source="x_58872_needit">6ead8e780f603200cd674f8ce1050ed1</sys_package>
        <sys_policy/>
        <sys_scope display_value="NeedIt">6ead8e780f603200cd674f8ce1050ed1</sys_scope>
        <sys_update_name>pa_job_indicators_c3717ab497ba2110a8ebb9dfe153afac</sys_update_name>
        <sys_updated_by>admin</sys_updated_by>
        <sys_updated_on>2023-05-12 01:48:56</sys_updated_on>
    </pa_job_indicators>
</record_update>
