<?xml version="1.0" encoding="UTF-8"?><record_update sys_domain="global" table="sys_app_module">
    <sys_app_module action="INSERT_OR_UPDATE">
        <active>true</active>
        <application display_value="NeedIt">0242fb8d0fa83200cd674f8ce1050e79</application>
        <assessment/>
        <device_type/>
        <filter table="x_58872_needit_needit">u_requested_forDYNAMIC90d1921e5f510100a9ad2572f2b477fe^EQ<item endquery="false" field="u_requested_for" goto="false" newquery="false" operator="DYNAMIC" or="false" value="90d1921e5f510100a9ad2572f2b477fe"/>
            <item endquery="true" field="" goto="false" newquery="false" operator="=" or="false" value=""/>
        </filter>
        <hint>A list of my NeedIt Requests</hint>
        <homepage/>
        <image/>
        <link_type>LIST</link_type>
        <map_page/>
        <mobile_title>My NeedIt Requests</mobile_title>
        <mobile_view_name>Mobile</mobile_view_name>
        <name>x_58872_needit_needit</name>
        <order>150</order>
        <override_menu_roles>false</override_menu_roles>
        <query/>
        <report/>
        <roles>x_58872_needit.needit_user</roles>
        <sys_class_name>sys_app_module</sys_class_name>
        <sys_created_by>admin</sys_created_by>
        <sys_created_on>2017-03-14 01:16:49</sys_created_on>
        <sys_domain>global</sys_domain>
        <sys_domain_path>/</sys_domain_path>
        <sys_id>62a0a7a09f213200bde5f79ff57fcf1e</sys_id>
        <sys_mod_count>0</sys_mod_count>
        <sys_name>My NeedIt Requests</sys_name>
        <sys_overrides/>
        <sys_package display_value="NeedIt" source="x_58872_needit">6ead8e780f603200cd674f8ce1050ed1</sys_package>
        <sys_policy/>
        <sys_scope display_value="NeedIt">6ead8e780f603200cd674f8ce1050ed1</sys_scope>
        <sys_update_name>sys_app_module_62a0a7a09f213200bde5f79ff57fcf1e</sys_update_name>
        <sys_updated_by>admin</sys_updated_by>
        <sys_updated_on>2017-03-14 01:16:49</sys_updated_on>
        <timeline_page/>
        <title>My NeedIt Requests</title>
        <uncancelable>false</uncancelable>
        <view_name/>
        <window_name/>
    </sys_app_module>
</record_update>
