<?xml version="1.0" encoding="UTF-8"?><record_update>
    <sys_documentation element="u_requested_for" label="Requested for" language="en" table="x_58872_needit_historic_">
        <sys_documentation action="INSERT_OR_UPDATE">
            <element>u_requested_for</element>
            <help/>
            <hint/>
            <label>Requested for</label>
            <language>en</language>
            <name>x_58872_needit_historic_</name>
            <plural>Requested for</plural>
            <sys_class_name>sys_documentation</sys_class_name>
            <sys_created_by>admin</sys_created_by>
            <sys_created_on>2017-03-29 19:59:31</sys_created_on>
            <sys_id>eaf197ea1b560010c6956356bd4bcb66</sys_id>
            <sys_mod_count>0</sys_mod_count>
            <sys_name>Requested for</sys_name>
            <sys_package display_value="NeedIt" source="x_58872_needit">6ead8e780f603200cd674f8ce1050ed1</sys_package>
            <sys_policy/>
            <sys_scope display_value="NeedIt">6ead8e780f603200cd674f8ce1050ed1</sys_scope>
            <sys_update_name>sys_documentation_x_58872_needit_historic__u_requested_for_en</sys_update_name>
            <sys_updated_by>admin</sys_updated_by>
            <sys_updated_on>2017-03-29 19:59:31</sys_updated_on>
            <url/>
            <url_target/>
        </sys_documentation>
    </sys_documentation>
</record_update>
