<?xml version="1.0" encoding="UTF-8"?><record_update table="sys_ui_policy_action">
    <sys_ui_policy_action action="INSERT_OR_UPDATE">
        <cleared>false</cleared>
        <disabled>ignore</disabled>
        <field>u_other</field>
        <mandatory>true</mandatory>
        <sys_class_name>sys_ui_policy_action</sys_class_name>
        <sys_created_by>admin</sys_created_by>
        <sys_created_on>2017-02-16 19:47:12</sys_created_on>
        <sys_id>8744a9289f413200bde5f79ff57fcff1</sys_id>
        <sys_mod_count>0</sys_mod_count>
        <sys_name>u_other</sys_name>
        <sys_package display_value="NeedIt" source="x_58872_needit">6ead8e780f603200cd674f8ce1050ed1</sys_package>
        <sys_policy/>
        <sys_scope display_value="NeedIt">6ead8e780f603200cd674f8ce1050ed1</sys_scope>
        <sys_update_name>sys_ui_policy_action_8744a9289f413200bde5f79ff57fcff1</sys_update_name>
        <sys_updated_by>admin</sys_updated_by>
        <sys_updated_on>2017-02-16 19:47:12</sys_updated_on>
        <table>x_58872_needit_needit</table>
        <ui_policy display_value="NeedIt show or hide Other field">60c365289f413200bde5f79ff57fcfa9</ui_policy>
        <visible>true</visible>
    </sys_ui_policy_action>
</record_update>
