<?xml version="1.0" encoding="UTF-8"?><record_update sys_domain="global" table="sys_embedded_help_content">
    <sys_embedded_help_content action="INSERT_OR_UPDATE">
        <active>true</active>
        <category>reporting</category>
        <content><![CDATA[ <h1 class="title topictitle1">Interactive Filters list</h1>  <div class="body conbody">  <div class="p"><span class="ph">Interactive Filters allow you to filter   report widgets directly from a homepage or dashboard without modifying the   reports.</span>      <ol class="ol" id="sys_ui_hp_publisher_list-normal__ol_yzz_p4l_d1b"><li class="li"><span class="ph">Click the column headers to search, sort, filter, and    edit data. </span></li><li class="li">Click <span class="ph uicontrol">New</span> to create a new interactive filter.<p class="p">The              <span class="ph uicontrol">Interactive Filters</span> list has the following columns:</p></li></ol></div>  <div class="p">      <ul class="ul" id="sys_ui_hp_publisher_list-normal__ul_ft3_qtj_dz"><li class="li"><span class="ph uicontrol">Look up name</span>: The look up name for the filter. This name appears          in the <span class="ph uicontrol">Add content</span> menu for users adding a filter to a homepage or          dashboard. Use this name to help organize your filters. If no look up name is specified,          the Name value is used instead. Updated The date and time the filter was last          modified.</li><li class="li"><span class="ph uicontrol">Name</span>: The name of the filter. <span class="ph">This                                            name appears on the dashboard widget for the                                            filter.</span></li><li class="li"><span class="ph uicontrol">Description</span>: The description entered by the filter&#39;s          creator.</li><li class="li"><span class="ph uicontrol">Filter based on</span>: The field type the filter is based on.</li><li class="li"><span class="ph uicontrol">UI control type</span>: How the available filtering options for this          filter appear on the dashboard.</li><li class="li"><span class="ph uicontrol">Updated</span>: The date and time the filter was last modified.</li></ul>    </div> </div>  <div class="related-links"><div class="relinfo"><div class="reltitle">Related information<br /><div><a class="link" href="https://docs.servicenow.com/?context&#61;CSHelp:available-interactive-filter-types&amp;version&#61;kingston" target="_blank">Available Interactive Filter types</a></div><div><a class="link" href="https://docs.servicenow.com/?context&#61;CSHelp:available-interactive-filter-ui-control-types&amp;version&#61;kingston" target="_blank">Available interactive filter UI control types</a></div></div></div></div>]]></content>
        <last_sync>2018-06-29 19:10:57</last_sync>
        <modifier>normal</modifier>
        <name>sys_ui_hp_publisher_list-normal</name>
        <page>sys_ui_hp_publisher_list</page>
        <product>1</product>
        <qualifier/>
        <role/>
        <role_order>1000</role_order>
        <snc_created>true</snc_created>
        <sys_class_name>sys_embedded_help_content</sys_class_name>
        <sys_created_by>system</sys_created_by>
        <sys_created_on>2018-06-13 02:48:06</sys_created_on>
        <sys_domain>global</sys_domain>
        <sys_domain_path>/</sys_domain_path>
        <sys_id>5adac4eb4fe29300874e8020a310c776</sys_id>
        <sys_mod_count>1</sys_mod_count>
        <sys_name>sys_ui_hp_publisher_list-normal</sys_name>
        <sys_package display_value="NeedIt" source="x_58872_needit">6ead8e780f603200cd674f8ce1050ed1</sys_package>
        <sys_policy/>
        <sys_scope display_value="NeedIt">6ead8e780f603200cd674f8ce1050ed1</sys_scope>
        <sys_update_name>sys_embedded_help_content_5adac4eb4fe29300874e8020a310c776</sys_update_name>
        <sys_updated_by>system</sys_updated_by>
        <sys_updated_on>2018-06-29 19:10:57</sys_updated_on>
        <version>k</version>
    </sys_embedded_help_content>
    <sys_translated_text action="delete_multiple" query="documentkey=5adac4eb4fe29300874e8020a310c776"/>
</record_update>
