<?xml version="1.0" encoding="UTF-8"?><record_update table="sys_scope_privilege">
    <sys_scope_privilege action="INSERT_OR_UPDATE">
        <operation>execute</operation>
        <source_scope display_value="NeedIt">6ead8e780f603200cd674f8ce1050ed1</source_scope>
        <status>allowed</status>
        <sys_class_name>sys_scope_privilege</sys_class_name>
        <sys_created_by>admin</sys_created_by>
        <sys_created_on>2017-04-15 03:01:24</sys_created_on>
        <sys_id>8fcbe8070f8672000d030dbce1050ec8</sys_id>
        <sys_mod_count>0</sys_mod_count>
        <sys_name>TemplatePrinter.print</sys_name>
        <sys_package display_value="NeedIt" source="x_58872_needit">6ead8e780f603200cd674f8ce1050ed1</sys_package>
        <sys_policy/>
        <sys_scope display_value="NeedIt">6ead8e780f603200cd674f8ce1050ed1</sys_scope>
        <sys_update_name>sys_scope_privilege_8fcbe8070f8672000d030dbce1050ec8</sys_update_name>
        <sys_updated_by>admin</sys_updated_by>
        <sys_updated_on>2017-04-15 03:01:24</sys_updated_on>
        <target_name>TemplatePrinter.print</target_name>
        <target_scope display_value="Global">global</target_scope>
        <target_type>scriptable</target_type>
    </sys_scope_privilege>
</record_update>
