<?xml version="1.0" encoding="UTF-8"?><record_update sys_domain="global" table="sys_app_module">
    <sys_app_module action="INSERT_OR_UPDATE">
        <active>true</active>
        <application display_value="NeedIt">0242fb8d0fa83200cd674f8ce1050e79</application>
        <assessment/>
        <device_type/>
        <filter/>
        <hint/>
        <homepage/>
        <image/>
        <link_type>DIRECT</link_type>
        <map_page/>
        <mobile_title>Properties</mobile_title>
        <mobile_view_name>Mobile</mobile_view_name>
        <name/>
        <order>900</order>
        <override_menu_roles>false</override_menu_roles>
        <query>system_properties_ui.do?sysparm_title=NeedIt Application Properties&amp;sysparm_category=NeedIt Properties</query>
        <report/>
        <roles>x_58872_needit.admin</roles>
        <sys_class_name>sys_app_module</sys_class_name>
        <sys_created_by>admin</sys_created_by>
        <sys_created_on>2017-04-19 03:32:12</sys_created_on>
        <sys_domain>global</sys_domain>
        <sys_domain_path>/</sys_domain_path>
        <sys_id>24f89d900f9af2000d030dbce1050ec5</sys_id>
        <sys_mod_count>0</sys_mod_count>
        <sys_name>Properties</sys_name>
        <sys_overrides/>
        <sys_package display_value="NeedIt" source="x_58872_needit">6ead8e780f603200cd674f8ce1050ed1</sys_package>
        <sys_policy/>
        <sys_scope display_value="NeedIt">6ead8e780f603200cd674f8ce1050ed1</sys_scope>
        <sys_update_name>sys_app_module_24f89d900f9af2000d030dbce1050ec5</sys_update_name>
        <sys_updated_by>admin</sys_updated_by>
        <sys_updated_on>2017-04-19 03:32:12</sys_updated_on>
        <timeline_page/>
        <title>Properties</title>
        <uncancelable>false</uncancelable>
        <view_name/>
        <window_name/>
    </sys_app_module>
</record_update>
