<?xml version="1.0" encoding="UTF-8"?><record_update>
    <sys_ui_section caption="Statistics" section_id="040b61390fa03200cd674f8ce1050e07" sys_domain="global" table="x_58872_needit_needit" version="3" view="">
        <sys_ui_element action="INSERT_OR_UPDATE">
            <element>opened_at</element>
            <position>0</position>
            <sys_created_by>admin</sys_created_by>
            <sys_created_on>2017-01-26 20:50:56</sys_created_on>
            <sys_id>000b61390fa03200cd674f8ce1050e15</sys_id>
            <sys_mod_count>0</sys_mod_count>
            <sys_ui_formatter/>
            <sys_ui_section caption="Statistics" display_value="Statistics" name="x_58872_needit_needit" sys_domain="global" view="Default view">040b61390fa03200cd674f8ce1050e07</sys_ui_section>
            <sys_updated_by>admin</sys_updated_by>
            <sys_updated_on>2017-01-26 20:50:56</sys_updated_on>
            <sys_user/>
            <type/>
        </sys_ui_element>
        <sys_ui_element action="INSERT_OR_UPDATE">
            <element>sys_updated_on</element>
            <position>1</position>
            <sys_created_by>admin</sys_created_by>
            <sys_created_on>2017-01-26 20:50:56</sys_created_on>
            <sys_id>800b61390fa03200cd674f8ce1050e15</sys_id>
            <sys_mod_count>0</sys_mod_count>
            <sys_ui_formatter/>
            <sys_ui_section caption="Statistics" display_value="Statistics" name="x_58872_needit_needit" sys_domain="global" view="Default view">040b61390fa03200cd674f8ce1050e07</sys_ui_section>
            <sys_updated_by>admin</sys_updated_by>
            <sys_updated_on>2017-01-26 20:50:56</sys_updated_on>
            <sys_user/>
            <type/>
        </sys_ui_element>
        <sys_ui_element action="INSERT_OR_UPDATE">
            <element>sys_created_on</element>
            <position>2</position>
            <sys_created_by>admin</sys_created_by>
            <sys_created_on>2017-01-26 20:50:56</sys_created_on>
            <sys_id>040b61390fa03200cd674f8ce1050e15</sys_id>
            <sys_mod_count>0</sys_mod_count>
            <sys_ui_formatter/>
            <sys_ui_section caption="Statistics" display_value="Statistics" name="x_58872_needit_needit" sys_domain="global" view="Default view">040b61390fa03200cd674f8ce1050e07</sys_ui_section>
            <sys_updated_by>admin</sys_updated_by>
            <sys_updated_on>2017-01-26 20:50:56</sys_updated_on>
            <sys_user/>
            <type/>
        </sys_ui_element>
        <sys_ui_element action="INSERT_OR_UPDATE">
            <element>.split</element>
            <position>3</position>
            <sys_created_by>admin</sys_created_by>
            <sys_created_on>2017-01-26 20:50:56</sys_created_on>
            <sys_id>840b61390fa03200cd674f8ce1050e15</sys_id>
            <sys_mod_count>0</sys_mod_count>
            <sys_ui_formatter/>
            <sys_ui_section caption="Statistics" display_value="Statistics" name="x_58872_needit_needit" sys_domain="global" view="Default view">040b61390fa03200cd674f8ce1050e07</sys_ui_section>
            <sys_updated_by>admin</sys_updated_by>
            <sys_updated_on>2017-01-26 20:50:56</sys_updated_on>
            <sys_user/>
            <type>.split</type>
        </sys_ui_element>
        <sys_ui_element action="INSERT_OR_UPDATE">
            <element>opened_by</element>
            <position>4</position>
            <sys_created_by>admin</sys_created_by>
            <sys_created_on>2017-01-26 20:50:56</sys_created_on>
            <sys_id>080b61390fa03200cd674f8ce1050e15</sys_id>
            <sys_mod_count>0</sys_mod_count>
            <sys_ui_formatter/>
            <sys_ui_section caption="Statistics" display_value="Statistics" name="x_58872_needit_needit" sys_domain="global" view="Default view">040b61390fa03200cd674f8ce1050e07</sys_ui_section>
            <sys_updated_by>admin</sys_updated_by>
            <sys_updated_on>2017-01-26 20:50:56</sys_updated_on>
            <sys_user/>
            <type/>
        </sys_ui_element>
        <sys_ui_element action="INSERT_OR_UPDATE">
            <element>sys_updated_by</element>
            <position>5</position>
            <sys_created_by>admin</sys_created_by>
            <sys_created_on>2017-01-26 20:50:56</sys_created_on>
            <sys_id>880b61390fa03200cd674f8ce1050e15</sys_id>
            <sys_mod_count>0</sys_mod_count>
            <sys_ui_formatter/>
            <sys_ui_section caption="Statistics" display_value="Statistics" name="x_58872_needit_needit" sys_domain="global" view="Default view">040b61390fa03200cd674f8ce1050e07</sys_ui_section>
            <sys_updated_by>admin</sys_updated_by>
            <sys_updated_on>2017-01-26 20:50:56</sys_updated_on>
            <sys_user/>
            <type/>
        </sys_ui_element>
        <sys_ui_element action="INSERT_OR_UPDATE">
            <element>sys_created_by</element>
            <position>6</position>
            <sys_created_by>admin</sys_created_by>
            <sys_created_on>2017-01-26 20:50:56</sys_created_on>
            <sys_id>0c0b61390fa03200cd674f8ce1050e15</sys_id>
            <sys_mod_count>0</sys_mod_count>
            <sys_ui_formatter/>
            <sys_ui_section caption="Statistics" display_value="Statistics" name="x_58872_needit_needit" sys_domain="global" view="Default view">040b61390fa03200cd674f8ce1050e07</sys_ui_section>
            <sys_updated_by>admin</sys_updated_by>
            <sys_updated_on>2017-01-26 20:50:56</sys_updated_on>
            <sys_user/>
            <type/>
        </sys_ui_element>
        <sys_ui_element action="INSERT_OR_UPDATE">
            <element>active</element>
            <position>7</position>
            <sys_created_by>admin</sys_created_by>
            <sys_created_on>2017-01-26 20:50:56</sys_created_on>
            <sys_id>8c0b61390fa03200cd674f8ce1050e15</sys_id>
            <sys_mod_count>0</sys_mod_count>
            <sys_ui_formatter/>
            <sys_ui_section caption="Statistics" display_value="Statistics" name="x_58872_needit_needit" sys_domain="global" view="Default view">040b61390fa03200cd674f8ce1050e07</sys_ui_section>
            <sys_updated_by>admin</sys_updated_by>
            <sys_updated_on>2017-01-26 20:50:56</sys_updated_on>
            <sys_user/>
            <type/>
        </sys_ui_element>
        <sys_ui_section action="INSERT_OR_UPDATE">
            <caption>Statistics</caption>
            <header>false</header>
            <name>x_58872_needit_needit</name>
            <roles/>
            <sys_class_name>sys_ui_section</sys_class_name>
            <sys_created_by>admin</sys_created_by>
            <sys_created_on>2017-01-26 20:50:56</sys_created_on>
            <sys_domain>global</sys_domain>
            <sys_domain_path>/</sys_domain_path>
            <sys_id>040b61390fa03200cd674f8ce1050e07</sys_id>
            <sys_mod_count>0</sys_mod_count>
            <sys_name>x_58872_needit_needit</sys_name>
            <sys_overrides/>
            <sys_package display_value="NeedIt" source="x_58872_needit">6ead8e780f603200cd674f8ce1050ed1</sys_package>
            <sys_policy/>
            <sys_scope display_value="NeedIt">6ead8e780f603200cd674f8ce1050ed1</sys_scope>
            <sys_update_name>sys_ui_section_040b61390fa03200cd674f8ce1050e07</sys_update_name>
            <sys_updated_by>admin</sys_updated_by>
            <sys_updated_on>2017-01-26 20:50:56</sys_updated_on>
            <sys_user/>
            <title>false</title>
            <view display_value="Default view" name="NULL">Default view</view>
            <view_name/>
        </sys_ui_section>
    </sys_ui_section>
</record_update>
