<?xml version="1.0" encoding="UTF-8"?><record_update sys_domain="global" table="sys_script_client">
    <sys_script_client action="INSERT_OR_UPDATE">
        <active>true</active>
        <applies_extended>false</applies_extended>
        <condition/>
        <description>Use the GetEmail Address Script Include to retrieve the Requested for's email address from the database when the Requested for value changes.</description>
        <field>u_requested_for</field>
        <global>true</global>
        <isolate_script>false</isolate_script>
        <messages/>
        <name>NeedIt Populate Email Field</name>
        <order/>
        <script><![CDATA[function onChange(control, oldValue, newValue, isLoading, isTemplate) {

    // Modified the if to return if the newValue == oldValue to avoid
    // unecessary trips to the server
    if (isLoading || newValue === '' || newValue == oldValue) {
        return;
    }

    // Instantiate the GetEmailAddress Script Include 
    var getEmailAddr = new GlideAjax('GetEmailAddress');
    // Specify the getEmail method
    getEmailAddr.addParam('sysparm_name','getEmail');
    // Pass the Requested for sys_id
    getEmailAddr.addParam('sysparm_userID', g_form.getValue('u_requested_for'));
    // Send the request to the server
    getEmailAddr.getXML(populateEmailField);


    // When the response is back from the server
    function populateEmailField(response){
        // Extract the email address from the response, clear any value from the email field, 
        // set new value in the email field
        var emailFromScriptInclude = response.responseXML.documentElement.getAttribute("answer");
        g_form.clearValue('u_requested_for_email');
        g_form.setValue('u_requested_for_email',emailFromScriptInclude);
    }
}]]></script>
        <sys_class_name>sys_script_client</sys_class_name>
        <sys_created_by>admin</sys_created_by>
        <sys_created_on>2017-03-09 00:59:27</sys_created_on>
        <sys_domain>global</sys_domain>
        <sys_domain_path>/</sys_domain_path>
        <sys_id>c2dce5039f513200bde5f79ff57fcf50</sys_id>
        <sys_mod_count>0</sys_mod_count>
        <sys_name>NeedIt Populate Email Field</sys_name>
        <sys_overrides/>
        <sys_package display_value="NeedIt" source="x_58872_needit">6ead8e780f603200cd674f8ce1050ed1</sys_package>
        <sys_policy/>
        <sys_scope display_value="NeedIt">6ead8e780f603200cd674f8ce1050ed1</sys_scope>
        <sys_update_name>sys_script_client_c2dce5039f513200bde5f79ff57fcf50</sys_update_name>
        <sys_updated_by>admin</sys_updated_by>
        <sys_updated_on>2017-03-09 00:59:27</sys_updated_on>
        <table>x_58872_needit_needit</table>
        <type>onChange</type>
        <ui_type>0</ui_type>
        <view/>
    </sys_script_client>
</record_update>
