<?xml version="1.0" encoding="UTF-8"?><record_update>
    <sys_documentation element="" label="NeedIt" language="en" table="x_58872_needit_needit">
        <sys_documentation action="INSERT_OR_UPDATE">
            <element/>
            <help/>
            <hint/>
            <label>NeedIt</label>
            <language>en</language>
            <name>x_58872_needit_needit</name>
            <plural>NeedIts</plural>
            <sys_class_name>sys_documentation</sys_class_name>
            <sys_created_by>admin</sys_created_by>
            <sys_created_on>2017-01-24 22:46:34</sys_created_on>
            <sys_id>f6f197ea1b560010c6956356bd4bcb77</sys_id>
            <sys_mod_count>0</sys_mod_count>
            <sys_name>NeedIt</sys_name>
            <sys_package display_value="NeedIt" source="x_58872_needit">6ead8e780f603200cd674f8ce1050ed1</sys_package>
            <sys_policy/>
            <sys_scope display_value="NeedIt">6ead8e780f603200cd674f8ce1050ed1</sys_scope>
            <sys_update_name>sys_documentation_x_58872_needit_needit__en</sys_update_name>
            <sys_updated_by>admin</sys_updated_by>
            <sys_updated_on>2017-01-24 22:46:34</sys_updated_on>
            <url/>
            <url_target/>
        </sys_documentation>
    </sys_documentation>
</record_update>
