<?xml version="1.0" encoding="UTF-8"?><record_update>
    <sys_documentation element="table_name" label="Table Name" language="en" table="var__m_sys_hub_flow_input_dcafaf0bdba823004d5d5608689619ff">
        <sys_documentation action="INSERT_OR_UPDATE">
            <element>table_name</element>
            <help/>
            <hint/>
            <label>Table Name</label>
            <language>en</language>
            <name>var__m_sys_hub_flow_input_dcafaf0bdba823004d5d5608689619ff</name>
            <plural/>
            <sys_class_name>sys_documentation</sys_class_name>
            <sys_created_by>admin</sys_created_by>
            <sys_created_on>2018-09-19 16:16:17</sys_created_on>
            <sys_id>24afef0bdba823004d5d560868961911</sys_id>
            <sys_mod_count>0</sys_mod_count>
            <sys_name>Table Name</sys_name>
            <sys_package display_value="NeedIt" source="x_58872_needit">6ead8e780f603200cd674f8ce1050ed1</sys_package>
            <sys_policy/>
            <sys_scope display_value="NeedIt">6ead8e780f603200cd674f8ce1050ed1</sys_scope>
            <sys_update_name>sys_documentation_var__m_sys_hub_flow_input_dcafaf0bdba823004d5d5608689619ff_table_name_en</sys_update_name>
            <sys_updated_by>admin</sys_updated_by>
            <sys_updated_on>2018-09-19 16:16:17</sys_updated_on>
            <url/>
            <url_target/>
        </sys_documentation>
    </sys_documentation>
</record_update>
