<?xml version="1.0" encoding="UTF-8"?><record_update table="sys_wizard_answer">
    <sys_wizard_answer action="INSERT_OR_UPDATE">
        <active>true</active>
        <answer>NeedIt</answer>
        <button_label/>
        <dependent_value/>
        <element/>
        <name>NeedIt</name>
        <next_question/>
        <order>100</order>
        <payload_name/>
        <question display_value="Task" name="Task">f7d7fda470002010d152c959a69db5f1</question>
        <roles/>
        <script/>
        <sys_class_name>sys_wizard_answer</sys_class_name>
        <sys_created_by>system</sys_created_by>
        <sys_created_on>2017-04-15 02:55:44</sys_created_on>
        <sys_id>048aa8c70f8672000d030dbce1050e50</sys_id>
        <sys_mod_count>0</sys_mod_count>
        <sys_name>NeedIt</sys_name>
        <sys_package display_value="NeedIt" source="x_58872_needit">6ead8e780f603200cd674f8ce1050ed1</sys_package>
        <sys_policy/>
        <sys_scope display_value="NeedIt">6ead8e780f603200cd674f8ce1050ed1</sys_scope>
        <sys_update_name>sys_wizard_answer_048aa8c70f8672000d030dbce1050e50</sys_update_name>
        <sys_updated_by>system</sys_updated_by>
        <sys_updated_on>2017-04-15 02:55:44</sys_updated_on>
        <table/>
        <target_url>x_58872_needit_needit.do</target_url>
        <type>1</type>
    </sys_wizard_answer>
</record_update>
