<?xml version="1.0" encoding="UTF-8"?><record_update>
    <sys_ui_related sys_domain="global" table="x_58872_needit_needit" version="2" view="">
        <sys_ui_related_list_entry action="INSERT_OR_UPDATE">
            <filter/>
            <list_id display_value="NeedIt - Default view" name="x_58872_needit_needit" related_list="NULL" sys_domain="global" view="Default view">9505cde9dbaf5b009d7831d0ef9619af</list_id>
            <order_by/>
            <position>0</position>
            <related_list>x_58872_needit_needit_task.u_needit</related_list>
            <sys_class_name>sys_ui_related_list_entry</sys_class_name>
            <sys_created_by>admin</sys_created_by>
            <sys_created_on>2018-07-26 18:57:12</sys_created_on>
            <sys_id>9505cde9dbaf5b009d7831d0ef9619b0</sys_id>
            <sys_mod_count>0</sys_mod_count>
            <sys_updated_by>admin</sys_updated_by>
            <sys_updated_on>2018-07-26 18:57:12</sys_updated_on>
        </sys_ui_related_list_entry>
        <sys_ui_related_list action="INSERT_OR_UPDATE">
            <calculated_name>NeedIt - Default view</calculated_name>
            <filter/>
            <name>x_58872_needit_needit</name>
            <order_by/>
            <position/>
            <related_list/>
            <sys_class_name>sys_ui_related_list</sys_class_name>
            <sys_created_by>admin</sys_created_by>
            <sys_created_on>2018-07-26 18:57:12</sys_created_on>
            <sys_domain>global</sys_domain>
            <sys_domain_path>/</sys_domain_path>
            <sys_id>9505cde9dbaf5b009d7831d0ef9619af</sys_id>
            <sys_mod_count>0</sys_mod_count>
            <sys_name>NeedIt - Default view</sys_name>
            <sys_package display_value="NeedIt" source="x_58872_needit">6ead8e780f603200cd674f8ce1050ed1</sys_package>
            <sys_policy/>
            <sys_scope display_value="NeedIt">6ead8e780f603200cd674f8ce1050ed1</sys_scope>
            <sys_update_name>sys_ui_related_x_58872_needit_needit_null</sys_update_name>
            <sys_updated_by>admin</sys_updated_by>
            <sys_updated_on>2018-07-26 18:57:12</sys_updated_on>
            <sys_user/>
            <view display_value="Default view" name="NULL">Default view</view>
            <view_name/>
        </sys_ui_related_list>
    </sys_ui_related>
</record_update>
