<?xml version="1.0" encoding="UTF-8"?><record_update sys_domain="global" table="sys_script">
    <sys_script action="INSERT_OR_UPDATE">
        <abort_action>false</abort_action>
        <access>package_private</access>
        <action_delete>false</action_delete>
        <action_insert>true</action_insert>
        <action_query>false</action_query>
        <action_update>true</action_update>
        <active>true</active>
        <add_message>false</add_message>
        <advanced>true</advanced>
        <change_fields>false</change_fields>
        <client_callable>false</client_callable>
        <collection>x_58872_needit_needit</collection>
        <condition/>
        <description/>
        <execute_function>false</execute_function>
        <filter_condition/>
        <is_rest>false</is_rest>
        <message/>
        <name>Email Address Syntax Validate</name>
        <order>100</order>
        <priority>100</priority>
        <rest_method/>
        <rest_method_text/>
        <rest_service/>
        <rest_service_text/>
        <rest_variables/>
        <role_conditions/>
        <script><![CDATA[(function executeRule(current, previous /*null when async*/) {

    // Pass the Requested for email to the Script Include.  Store the return
    // value from the Script Include in the isEmail variable
    var isEmail = validateEmailAddress(current.u_requested_for_email);
    // If isEmail is false (email address syntax is not valid) do not save
    // the record.  Write an error message to the screen.
    if(isEmail == false){
        gs.addErrorMessage(current.u_requested_for_email + " is not a valid email address.  You must provide a valid email address.");
        current.setAbortAction(true);
    }

})(current, previous);]]></script>
        <sys_class_name>sys_script</sys_class_name>
        <sys_created_by>admin</sys_created_by>
        <sys_created_on>2017-03-08 03:44:46</sys_created_on>
        <sys_domain>global</sys_domain>
        <sys_domain_path>/</sys_domain_path>
        <sys_id>01e885f69f513200bde5f79ff57fcf52</sys_id>
        <sys_mod_count>2</sys_mod_count>
        <sys_name>Email Address Syntax Validate</sys_name>
        <sys_overrides/>
        <sys_package display_value="NeedIt" source="x_58872_needit">6ead8e780f603200cd674f8ce1050ed1</sys_package>
        <sys_policy/>
        <sys_scope display_value="NeedIt">6ead8e780f603200cd674f8ce1050ed1</sys_scope>
        <sys_update_name>sys_script_01e885f69f513200bde5f79ff57fcf52</sys_update_name>
        <sys_updated_by>admin</sys_updated_by>
        <sys_updated_on>2018-07-26 18:53:18</sys_updated_on>
        <template/>
        <when>before</when>
    </sys_script>
    <sys_translated_text action="delete_multiple" query="documentkey=01e885f69f513200bde5f79ff57fcf52"/>
</record_update>
