<?xml version="1.0" encoding="UTF-8"?><record_update table="sys_transform_entry">
    <sys_transform_entry action="INSERT_OR_UPDATE">
        <choice_action>create</choice_action>
        <coalesce>true</coalesce>
        <coalesce_case_sensitive>false</coalesce_case_sensitive>
        <coalesce_empty_fields>false</coalesce_empty_fields>
        <date_format>yyyy-MM-dd HH:mm:ss</date_format>
        <map display_value="Import Historic NeedIt Data">13d5bc714fb13200cb281b818110c71e</map>
        <reference_value_field/>
        <source_field>u_what_needed</source_field>
        <source_script><![CDATA[answer = (function transformEntry(source) {

	// Add your code here
	return ""; // return the value to be put into the target field

})(source);]]></source_script>
        <source_table>x_58872_needit_historic_</source_table>
        <sys_class_name>sys_transform_entry</sys_class_name>
        <sys_created_by>admin</sys_created_by>
        <sys_created_on>2017-03-29 20:18:26</sys_created_on>
        <sys_id>5026bc714fb13200cb281b818110c72e</sys_id>
        <sys_mod_count>1</sys_mod_count>
        <sys_name>u_what_needed</sys_name>
        <sys_package display_value="NeedIt" source="x_58872_needit">6ead8e780f603200cd674f8ce1050ed1</sys_package>
        <sys_policy/>
        <sys_scope display_value="NeedIt">6ead8e780f603200cd674f8ce1050ed1</sys_scope>
        <sys_update_name>sys_transform_entry_5026bc714fb13200cb281b818110c72e</sys_update_name>
        <sys_updated_by>admin</sys_updated_by>
        <sys_updated_on>2017-03-29 20:53:02</sys_updated_on>
        <target_field>u_what_needed</target_field>
        <target_table>x_58872_needit_needit</target_table>
        <use_source_script>false</use_source_script>
    </sys_transform_entry>
</record_update>
