<?xml version="1.0" encoding="UTF-8"?><record_update>
    <sys_ui_section caption="Log" section_id="252925f50fa03200cd674f8ce1050e27" sys_domain="global" table="x_58872_needit_needit" version="3" view="">
        <sys_ui_element action="INSERT_OR_UPDATE">
            <element>comments</element>
            <position>0</position>
            <sys_created_by>admin</sys_created_by>
            <sys_created_on>2017-01-26 20:42:51</sys_created_on>
            <sys_id>ad2925f50fa03200cd674f8ce1050e3d</sys_id>
            <sys_mod_count>0</sys_mod_count>
            <sys_ui_formatter/>
            <sys_ui_section caption="Log" display_value="Log" name="x_58872_needit_needit" sys_domain="global" view="Default view">252925f50fa03200cd674f8ce1050e27</sys_ui_section>
            <sys_updated_by>admin</sys_updated_by>
            <sys_updated_on>2017-01-26 20:42:51</sys_updated_on>
            <sys_user/>
            <type/>
        </sys_ui_element>
        <sys_ui_element action="INSERT_OR_UPDATE">
            <element>work_notes</element>
            <position>1</position>
            <sys_created_by>admin</sys_created_by>
            <sys_created_on>2017-01-26 20:42:51</sys_created_on>
            <sys_id>212925f50fa03200cd674f8ce1050e3e</sys_id>
            <sys_mod_count>0</sys_mod_count>
            <sys_ui_formatter/>
            <sys_ui_section caption="Log" display_value="Log" name="x_58872_needit_needit" sys_domain="global" view="Default view">252925f50fa03200cd674f8ce1050e27</sys_ui_section>
            <sys_updated_by>admin</sys_updated_by>
            <sys_updated_on>2017-01-26 20:42:51</sys_updated_on>
            <sys_user/>
            <type/>
        </sys_ui_element>
        <sys_ui_element action="INSERT_OR_UPDATE">
            <element>activity.xml</element>
            <position>2</position>
            <sys_created_by>admin</sys_created_by>
            <sys_created_on>2017-01-26 20:42:51</sys_created_on>
            <sys_id>a12925f50fa03200cd674f8ce1050e3e</sys_id>
            <sys_mod_count>0</sys_mod_count>
            <sys_ui_formatter display_value="">b832d3560a0001c700d781efe21e22f5</sys_ui_formatter>
            <sys_ui_section caption="Log" display_value="Log" name="x_58872_needit_needit" sys_domain="global" view="Default view">252925f50fa03200cd674f8ce1050e27</sys_ui_section>
            <sys_updated_by>admin</sys_updated_by>
            <sys_updated_on>2017-01-26 20:42:51</sys_updated_on>
            <sys_user/>
            <type>formatter</type>
        </sys_ui_element>
        <sys_ui_section action="INSERT_OR_UPDATE">
            <caption>Log</caption>
            <header>false</header>
            <name>x_58872_needit_needit</name>
            <roles/>
            <sys_class_name>sys_ui_section</sys_class_name>
            <sys_created_by>admin</sys_created_by>
            <sys_created_on>2017-01-26 20:42:50</sys_created_on>
            <sys_domain>global</sys_domain>
            <sys_domain_path>/</sys_domain_path>
            <sys_id>252925f50fa03200cd674f8ce1050e27</sys_id>
            <sys_mod_count>0</sys_mod_count>
            <sys_name>x_58872_needit_needit</sys_name>
            <sys_overrides/>
            <sys_package display_value="NeedIt" source="x_58872_needit">6ead8e780f603200cd674f8ce1050ed1</sys_package>
            <sys_policy/>
            <sys_scope display_value="NeedIt">6ead8e780f603200cd674f8ce1050ed1</sys_scope>
            <sys_update_name>sys_ui_section_252925f50fa03200cd674f8ce1050e27</sys_update_name>
            <sys_updated_by>admin</sys_updated_by>
            <sys_updated_on>2017-01-26 20:42:50</sys_updated_on>
            <sys_user/>
            <title>false</title>
            <view display_value="Default view" name="NULL">Default view</view>
            <view_name/>
        </sys_ui_section>
    </sys_ui_section>
</record_update>
