<?xml version="1.0" encoding="UTF-8"?><record_update sys_domain="global" table="sysauto_pa">
    <sysauto_pa action="INSERT_OR_UPDATE">
        <active>true</active>
        <benchmarking>false</benchmarking>
        <business_calendar/>
        <collect>scores</collect>
        <condition/>
        <conditional>false</conditional>
        <description>Data Collector for NeedIt Historical data. Collects 6 months of data including the current month.</description>
        <entered_time/>
        <kill_job>false</kill_job>
        <max_drift/>
        <name>NeedIt Historical Data</name>
        <offset/>
        <offset_type/>
        <run_as display_value="System Administrator">6816f79cc0a8016401c5a33be04be441</run_as>
        <run_as_tz/>
        <run_dayofmonth>1</run_dayofmonth>
        <run_dayofweek>1</run_dayofweek>
        <run_period/>
        <run_start>2023-05-12 01:52:34</run_start>
        <run_time>1970-01-01 08:00:00</run_time>
        <run_type>on_demand</run_type>
        <score_fixed_end>00000000</score_fixed_end>
        <score_fixed_start>00000000</score_fixed_start>
        <score_operator>relative</score_operator>
        <score_relative_end>1</score_relative_end>
        <score_relative_end_interval>days</score_relative_end_interval>
        <score_relative_start>6</score_relative_start>
        <score_relative_start_interval>months</score_relative_start_interval>
        <sys_class_name>sysauto_pa</sys_class_name>
        <sys_created_by>admin</sys_created_by>
        <sys_created_on>2023-05-12 01:53:15</sys_created_on>
        <sys_domain>global</sys_domain>
        <sys_domain_path>/</sys_domain_path>
        <sys_id>1c52b63897ba2110a8ebb9dfe153af59</sys_id>
        <sys_mod_count>1</sys_mod_count>
        <sys_name>NeedIt Historical Data</sys_name>
        <sys_package display_value="NeedIt" source="x_58872_needit">6ead8e780f603200cd674f8ce1050ed1</sys_package>
        <sys_policy/>
        <sys_scope display_value="NeedIt">6ead8e780f603200cd674f8ce1050ed1</sys_scope>
        <sys_update_name>sysauto_pa_1c52b63897ba2110a8ebb9dfe153af59</sys_update_name>
        <sys_updated_by>admin</sys_updated_by>
        <sys_updated_on>2023-05-12 01:53:34</sys_updated_on>
        <time_zone/>
        <upgrade_safe>false</upgrade_safe>
    </sysauto_pa>
    <sys_translated_text action="delete_multiple" query="documentkey=1c52b63897ba2110a8ebb9dfe153af59"/>
</record_update>
