<?xml version="1.0" encoding="UTF-8"?><record_update table="sysauto_script">
    <sysauto_script action="INSERT_OR_UPDATE">
        <active>true</active>
        <business_calendar/>
        <condition/>
        <conditional>false</conditional>
        <entered_time/>
        <name>Make Long Overdue NeedIt Tasks Closed Incomplete</name>
        <offset/>
        <offset_type/>
        <run_as display_value="System Administrator">6816f79cc0a8016401c5a33be04be441</run_as>
        <run_as_tz/>
        <run_dayofmonth>1</run_dayofmonth>
        <run_dayofweek>1</run_dayofweek>
        <run_period/>
        <run_start>2017-04-19 03:54:27</run_start>
        <run_time>1970-01-01 08:05:00</run_time>
        <run_type>daily</run_type>
        <script/>
        <sys_class_name>sysauto_script</sys_class_name>
        <sys_created_by>admin</sys_created_by>
        <sys_created_on>2017-04-19 03:55:41</sys_created_on>
        <sys_id>9b4e55d40f9af2000d030dbce1050edd</sys_id>
        <sys_mod_count>0</sys_mod_count>
        <sys_name>Make Long Overdue NeedIt Tasks Closed Incomplete</sys_name>
        <sys_package display_value="NeedIt" source="x_58872_needit">6ead8e780f603200cd674f8ce1050ed1</sys_package>
        <sys_policy/>
        <sys_scope display_value="NeedIt">6ead8e780f603200cd674f8ce1050ed1</sys_scope>
        <sys_update_name>sysauto_script_9b4e55d40f9af2000d030dbce1050edd</sys_update_name>
        <sys_updated_by>admin</sys_updated_by>
        <sys_updated_on>2017-04-19 03:55:41</sys_updated_on>
        <time_zone/>
        <upgrade_safe>false</upgrade_safe>
    </sysauto_script>
</record_update>
