<?xml version="1.0" encoding="UTF-8"?><record_update sys_domain="global" table="sysevent_in_email_action">
    <sysevent_in_email_action action="INSERT_OR_UPDATE">
        <action>record_action</action>
        <active>true</active>
        <assignment_operator/>
        <condition_script>email.subject.toLowerCase().indexOf("please close needit task") &gt;= 0</condition_script>
        <description/>
        <event_name>email.read</event_name>
        <filter_condition/>
        <from/>
        <name>Close NeedIt Task</name>
        <order>100</order>
        <reply_email/>
        <required_roles/>
        <script><![CDATA[(function runAction(/*GlideRecord*/ current, /*GlideRecord*/ event, /*EmailWrapper*/ email, /*ScopedEmailLogger*/ logger, /*EmailClassifier*/ classifier) {

	// Implement email action here

})(current, event, email, logger, classifier);]]></script>
        <stop_processing>false</stop_processing>
        <sys_class_name>sysevent_in_email_action</sys_class_name>
        <sys_created_by>admin</sys_created_by>
        <sys_created_on>2017-04-18 02:25:49</sys_created_on>
        <sys_domain>global</sys_domain>
        <sys_domain_path>/</sys_domain_path>
        <sys_id>13ef3f3f0f02f2000d030dbce1050ef3</sys_id>
        <sys_mod_count>0</sys_mod_count>
        <sys_name>Close NeedIt Task</sys_name>
        <sys_overrides/>
        <sys_package display_value="NeedIt" source="x_58872_needit">6ead8e780f603200cd674f8ce1050ed1</sys_package>
        <sys_policy/>
        <sys_scope display_value="NeedIt">6ead8e780f603200cd674f8ce1050ed1</sys_scope>
        <sys_update_name>sysevent_in_email_action_13ef3f3f0f02f2000d030dbce1050ef3</sys_update_name>
        <sys_updated_by>admin</sys_updated_by>
        <sys_updated_on>2017-04-18 02:25:49</sys_updated_on>
        <table>x_58872_needit_needit_task</table>
        <template>state=3^EQ</template>
        <type>reply</type>
    </sysevent_in_email_action>
</record_update>
