<?xml version="1.0" encoding="UTF-8"?><record_update table="sysevent_register">
    <sysevent_register action="INSERT_OR_UPDATE">
        <caller_access/>
        <description>This event is fired for each overdue NeedIt Task record</description>
        <event_name>x_58872_needit.overdueNeedItTask</event_name>
        <fired_by>Scheduled Script Execution - Find Overdue NeedIt Tasks</fired_by>
        <queue/>
        <suffix>overdueNeedItTask</suffix>
        <sys_class_name>sysevent_register</sys_class_name>
        <sys_created_by>admin</sys_created_by>
        <sys_created_on>2017-04-11 00:06:55</sys_created_on>
        <sys_id>857c5fa50f8232000d030dbce1050e4b</sys_id>
        <sys_mod_count>0</sys_mod_count>
        <sys_name>x_58872_needit.overdueNeedItTask</sys_name>
        <sys_package display_value="NeedIt" source="x_58872_needit">6ead8e780f603200cd674f8ce1050ed1</sys_package>
        <sys_policy/>
        <sys_scope display_value="NeedIt">6ead8e780f603200cd674f8ce1050ed1</sys_scope>
        <sys_update_name>sysevent_register_857c5fa50f8232000d030dbce1050e4b</sys_update_name>
        <sys_updated_by>admin</sys_updated_by>
        <sys_updated_on>2017-04-11 00:06:55</sys_updated_on>
        <table>x_58872_needit_needit_task</table>
    </sysevent_register>
</record_update>
